

-- Create Users Table
CREATE TYPE user_role AS ENUM ('Ticket Manager', 'Football Fan');

CREATE TABLE Users (
  user_id INT GENERATED BY DEFAULT AS IDENTITY PRIMARY KEY,
  full_name VARCHAR(100) NOT NULL,
  email VARCHAR(100) UNIQUE NOT NULL,
  role user_role NOT NULL,
  phone_number VARCHAR(20)
);


-- Create Matches Table
CREATE TYPE match_status_type AS ENUM ('Available', 'Selling Fast', 'Sold Out', 'Postponed');

CREATE TABLE Matches (
  match_id INT GENERATED BY DEFAULT AS IDENTITY PRIMARY KEY,
  fixture VARCHAR(150) NOT NULL,
  tournament_category VARCHAR(100) NOT NULL,
  base_ticket_price DECIMAL(10, 2) NOT NULL,
  match_status match_status_type NOT NULL
);


-- Create Bookings Table (Junction Table)
CREATE TYPE payment_status_type AS ENUM ('Pending', 'Confirmed', 'Cancelled', 'Refunded');

CREATE TABLE Bookings (
  booking_id INT GENERATED BY DEFAULT AS IDENTITY PRIMARY KEY,
  user_id INT NOT NULL,
  match_id INT NOT NULL,
  seat_number VARCHAR(10),
  payment_status payment_status_type,
  total_cost DECIMAL(10,2) NOT NULL CHECK(total_cost >= 0),
  
  -- Referential Constraints
  
  CONSTRAINT fk_bookings_user FOREIGN KEY (user_id) REFERENCES Users (user_id) ON DELETE RESTRICT ON UPDATE CASCADE,
  CONSTRAINT fk_bookings_match FOREIGN KEY (match_id) REFERENCES Matches (match_id) ON DELETE RESTRICT ON UPDATE CASCADE
);

-- Query one

SELECT
    match_id,
    fixture,
    base_ticket_price
FROM matches
WHERE tournament_category = 'Champions League'
AND match_status = 'Available';


-- Query two
SELECT user_id, full_name, email
FROM Users
WHERE full_name ILIKE 'Tanvir%' 
   OR full_name ILIKE '%Haque%';


-- Query three
SELECT 
    booking_id, 
    user_id, 
    match_id, 
    COALESCE(payment_status::VARCHAR, 'Action Required') AS systematic_status
FROM Bookings
WHERE payment_status IS NULL;

-- Query four
SELECT 
    b.booking_id, 
    u.full_name, 
    m.fixture, 
    b.total_cost
FROM Bookings b
INNER JOIN Users u ON b.user_id = u.user_id
INNER JOIN Matches m ON b.match_id = m.match_id;

-- Query five
SELECT 
    u.user_id, 
    u.full_name, 
    b.booking_id
FROM Users u
LEFT JOIN Bookings b ON u.user_id = b.user_id
ORDER BY u.user_id ASC;

-- Query six
SELECT 
    booking_id, 
    match_id, 
    total_cost
FROM Bookings
WHERE total_cost > (SELECT AVG(total_cost) FROM Bookings)
ORDER BY booking_id ASC;

-- Query seven
SELECT 
    match_id, 
    fixture, 
    base_ticket_price
FROM Matches
ORDER BY base_ticket_price DESC
LIMIT 2 OFFSET 1;




INSERT INTO Users (user_id, full_name, email, role, phone_number) VALUES
(1, 'Haniful Islam', 'haniful@gmail.com', 'Football Fan', '01711111111'),
(2, 'Antor Ahmed', 'antor@gmail.com', 'Football Fan', '01722222222'),
(3, 'Mominul Haque', 'mominul@gmail.com', 'Ticket Manager', '01733333333'),
(4, 'Arnab Das', 'arnab@gmail.com', 'Football Fan', '01744444444'),
(5, 'Additto Roy', 'additto@gmail.com', 'Football Fan', '01755555555'),
(6, 'Mizanur Rahman', 'mizan@gmail.com', 'Ticket Manager', '01766666666'),
(7, 'Kabirul Islam', 'kabirul@gmail.com', 'Football Fan', '01777777777'),
(8, 'Ridoy Khan', 'ridoy@gmail.com', 'Football Fan', '01788888888'),
(9, 'Jisan Chowdhury', 'jisan@gmail.com', 'Football Fan', '01799999999'),
(10, 'Kader Mollah', 'kader@gmail.com', 'Ticket Manager', '01710101010'),
(11, 'Siam Hasan', 'siam@gmail.com', 'Football Fan', '01712121212'),
(12, 'Niloy Sen', 'niloy@gmail.com', 'Football Fan', '01713131313'),
(13, 'Emon Ali', 'emon@gmail.com', 'Football Fan', '01714141414'),
(14, 'Masud Rana', 'masud@gmail.com', 'Ticket Manager', '01715151515'),
(15, 'Ramjan Ali', 'ramjan@gmail.com', 'Football Fan', '01716161616');


INSERT INTO Matches (match_id, fixture, tournament_category, base_ticket_price, match_status) VALUES
(101, 'Real Madrid vs Barcelona', 'Champions League', 150.00, 'Available'),
(102, 'Man City vs Liverpool', 'Premier League', 120.00, 'Selling Fast'),
(103, 'Bayern Munich vs PSG', 'Champions League', 130.00, 'Available'),
(104, 'AC Milan vs Inter Milan', 'Serie A', 90.00, 'Sold Out'),
(105, 'Juventus vs Roma', 'Serie A', 80.00, 'Available');


INSERT INTO Bookings (booking_id, user_id, match_id, seat_number, payment_status, total_cost) VALUES
(501, 1, 101, 'A-12', 'Confirmed', 150.00),
(502, 1, 102, 'B-04', 'Confirmed', 120.00),
(503, 2, 101, 'A-13', 'Confirmed', 150.00),
(504, 2, 101, NULL, NULL, 150.00),
(505, 3, 102, 'C-20', 'Pending', 120.00);